name,address_1,address_2,address_postcode
Bob,1 A Street,A town,AA11AA
Bob,2 A Street,A town,AA11AA
Bob,3 A Street,A town,AA11AA
Bob,4 A Street,A town,AA11AA
Bob,5 A Street,A town,AA11AA
Bob,6 A Street,A town,AA11AA
Bob,7 A Street,A town,AA11AA
Bob,8 A Street,A town,AA11AA
Bob,9 A Street,A town,AA11AA
Bob,10 A Street,A town,AA11AA
Bob,11 A Street,A town,AA11AA
Bob,12 A Street,A town,AA11AA
Bob,13 A Street,A town,AA11AA
Bob,14 A Street,A town,AA11AA
Bob,15 A Street,A town,AA11AA
Bob,16 A Street,A town,AA11AA
Bob,17 A Street,A town,AA11AA
Bob,18 A Street,A town,AA11AA
Bob,19 A Street,A town,AA11AA
Bob,20 A Street,A town,AA11AA